code,system
1D18,readv2
B56-1,readv2
B5832,readv2
B153,readv2
B577,readv2
B577-1,readv2
B56,readv2
B58,readv2
B58y,readv2
B58yz,readv2
B58z,readv2
ByuC7,readv2
B560,readv2
B5601,readv2
B5603,readv2
B5605,readv2
B5606,readv2
B5607,readv2
B560z,readv2
B5611,readv2
B5612,readv2
B5615,readv2
B5618,readv2
B5619,readv2
B5620,readv2
B5631,readv2
B5632,readv2
B5633,readv2
B5642,readv2
B5653,readv2
B5654,readv2
B56z,readv2
B560-99,readv2
B56z-99,readv2
B58z-99,readv2
B5600,readv2
B5604,readv2
B5602,readv2
B5608,readv2
B5609,readv2
B561,readv2
B561-99,readv2
B561z,readv2
B5610,readv2
B5650,readv2
B5613,readv2
B5614,readv2
B571,readv2
B5616,readv2
B5617,readv2
B562,readv2
B562-99,readv2
B562z,readv2
B5621,readv2
B5622,readv2
B5623,readv2
B5624,readv2
B5652,readv2
B563,readv2
B563z,readv2
B563-99,readv2
B5630,readv2
B564,readv2
B564-99,readv2
B5641,readv2
B564z,readv2
B5640,readv2
B565,readv2
B565-99,readv2
B565z,readv2
B5651,readv2
B56y,readv2
B56y-99,readv2
B57-1,readv2
B584,readv2
B570,readv2
B572,readv2
B5741,readv2
B5742,readv2
B5750,readv2
B5760,readv2
B5761,readv2
B580,readv2
B5823,readv2
B586,readv2
B587,readv2
B58y5,readv2
B594,readv2
ByuC,readv2
B573,readv2
ByuC3,readv2
B574,readv2
B574z,readv2
B5740,readv2
B575,readv2
B575z,readv2
B5751,readv2
B57y,readv2
ByuC4,readv2
B5826,readv2
B58y0,readv2
B583,readv2
B583-99,readv2
B5831,readv2
B583z,readv2
B5830,readv2
B585,readv2
B585-99,readv2
B5850,readv2
EMISNQME41,readv2
EMISNQME42,readv2
EMISNQME43,readv2
EMISNQME44,readv2
EMISNQME45,readv2
EMISNQME46,readv2
EMISNQME47,readv2
EMISNQME48,readv2